{
  "algo": "custom",
  "model_path": "checkpoints/custom/NoisyGoalReacher-v0__train_custom_ppo__dense__1300__1784441544/best/train_custom_ppo.cleanrl_model",
  "env_id": "NoisyGoalReacher-v0",
  "deterministic": true,
  "base_seed": 3000,
  "episode_seeds": [
    3000,
    3001,
    3002,
    3003,
    3004,
    3005,
    3006,
    3007,
    3008,
    3009,
    3010,
    3011,
    3012,
    3013,
    3014,
    3015,
    3016,
    3017,
    3018,
    3019,
    3020,
    3021,
    3022,
    3023,
    3024,
    3025,
    3026,
    3027,
    3028,
    3029,
    3030,
    3031,
    3032,
    3033,
    3034,
    3035,
    3036,
    3037,
    3038,
    3039,
    3040,
    3041,
    3042,
    3043,
    3044,
    3045,
    3046,
    3047,
    3048,
    3049
  ],
  "n_episodes": 50,
  "mean_return": -4.979157501030714,
  "std_return": 1.1262536804559677,
  "mean_length": 50.0,
  "success_rate": 0.7,
  "episode_returns": [
    -6.199167892336845,
    -5.786779354326427,
    -4.721222026273608,
    -4.681956368498504,
    -6.509559899568558,
    -5.074143940582871,
    -5.482620757073164,
    -3.6518091596663,
    -5.939380905590951,
    -3.664351209998131,
    -5.686141133308411,
    -7.026477605104446,
    -4.002085043117404,
    -4.806944418698549,
    -4.265173091553152,
    -2.7909001782536507,
    -5.202125111594796,
    -6.43515601195395,
    -5.382226908579469,
    -4.184519108384848,
    -6.303827483206987,
    -4.258633638732135,
    -3.653733106330037,
    -4.838076506741345,
    -5.861187314614654,
    -3.6915499288588762,
    -6.190301634371281,
    -7.171793729066849,
    -5.776236195117235,
    -3.690967216156423,
    -3.9550262801349163,
    -5.092777667567134,
    -5.023927072063088,
    -4.820354668423533,
    -5.501736897043884,
    -5.435366816818714,
    -3.9412484522908926,
    -5.998451748862863,
    -3.4348238185048103,
    -4.569024909287691,
    -3.0782259814441204,
    -6.102398647926748,
    -2.42800628580153,
    -5.168991660699248,
    -3.9437039867043495,
    -5.854310553520918,
    -4.129267320036888,
    -5.2760675102472305,
    -7.168297566473484,
    -5.106820330023766
  ],
  "episode_lengths": [
    50,
    50,
    50,
    50,
    50,
    50,
    50,
    50,
    50,
    50,
    50,
    50,
    50,
    50,
    50,
    50,
    50,
    50,
    50,
    50,
    50,
    50,
    50,
    50,
    50,
    50,
    50,
    50,
    50,
    50,
    50,
    50,
    50,
    50,
    50,
    50,
    50,
    50,
    50,
    50,
    50,
    50,
    50,
    50,
    50,
    50,
    50,
    50,
    50,
    50
  ],
  "episode_successes": [
    0.0,
    1.0,
    1.0,
    1.0,
    0.0,
    1.0,
    1.0,
    0.0,
    1.0,
    1.0,
    0.0,
    0.0,
    1.0,
    0.0,
    1.0,
    1.0,
    1.0,
    1.0,
    1.0,
    0.0,
    1.0,
    1.0,
    1.0,
    1.0,
    1.0,
    1.0,
    0.0,
    0.0,
    1.0,
    1.0,
    0.0,
    1.0,
    1.0,
    1.0,
    1.0,
    1.0,
    1.0,
    1.0,
    0.0,
    1.0,
    0.0,
    1.0,
    1.0,
    1.0,
    0.0,
    1.0,
    0.0,
    1.0,
    0.0,
    1.0
  ]
}