{
  "algo": "custom",
  "model_path": "checkpoints/custom/NoisyGoalReacher-v0__train_custom_ppo__dense__12__1784455377/periodic/train_custom_ppo_901120_steps.cleanrl_model",
  "env_id": "NoisyGoalReacher-v0",
  "env_kwargs": {
    "goal_radius_min": 0.05,
    "goal_radius_max": 0.18,
    "noise_sigma": 0.005,
    "success_threshold": 0.04,
    "reward_type": "dense",
    "success_bonus": 3.0
  },
  "deterministic": true,
  "base_seed": 3000,
  "episode_seeds": [
    3000,
    3001,
    3002,
    3003,
    3004,
    3005,
    3006,
    3007,
    3008,
    3009,
    3010,
    3011,
    3012,
    3013,
    3014,
    3015,
    3016,
    3017,
    3018,
    3019,
    3020,
    3021,
    3022,
    3023,
    3024,
    3025,
    3026,
    3027,
    3028,
    3029,
    3030,
    3031,
    3032,
    3033,
    3034,
    3035,
    3036,
    3037,
    3038,
    3039,
    3040,
    3041,
    3042,
    3043,
    3044,
    3045,
    3046,
    3047,
    3048,
    3049
  ],
  "n_episodes": 50,
  "mean_return": 81.08659349545836,
  "std_return": 31.246888303612863,
  "mean_length": 50.0,
  "success_rate": 0.96,
  "episode_returns": [
    71.59195998311043,
    97.81366614997387,
    -11.715750873088837,
    -11.148806355893612,
    46.97839107736945,
    111.72516749799252,
    91.7231322452426,
    97.42969620600343,
    97.5701919645071,
    80.12102023512125,
    109.90184999257326,
    100.47259195894003,
    111.97290161252022,
    93.57333064079285,
    29.704284992069006,
    95.5128764025867,
    41.27736609429121,
    104.50503536313772,
    85.52076491713524,
    116.48024263232946,
    110.76779192686081,
    26.879358526319265,
    64.65813180059195,
    111.53039237856865,
    95.0702486410737,
    79.84503282606602,
    103.76500675082207,
    87.35804460942745,
    52.94878388941288,
    67.19762441143394,
    87.14206725731492,
    83.83373317867517,
    78.96985835582018,
    21.04145571216941,
    94.20796255767345,
    62.42526216059923,
    45.728385005146265,
    110.9395712763071,
    101.1988028883934,
    108.76087109744549,
    122.5528939217329,
    98.12374962866306,
    56.33575987070799,
    60.276285488158464,
    112.6163327023387,
    105.12951987981796,
    107.02437603846192,
    91.00618594884872,
    62.11967345699668,
    83.86659985035658
  ],
  "episode_lengths": [
    50,
    50,
    50,
    50,
    50,
    50,
    50,
    50,
    50,
    50,
    50,
    50,
    50,
    50,
    50,
    50,
    50,
    50,
    50,
    50,
    50,
    50,
    50,
    50,
    50,
    50,
    50,
    50,
    50,
    50,
    50,
    50,
    50,
    50,
    50,
    50,
    50,
    50,
    50,
    50,
    50,
    50,
    50,
    50,
    50,
    50,
    50,
    50,
    50,
    50
  ],
  "episode_successes": [
    1.0,
    1.0,
    0.0,
    0.0,
    1.0,
    1.0,
    1.0,
    1.0,
    1.0,
    1.0,
    1.0,
    1.0,
    1.0,
    1.0,
    1.0,
    1.0,
    1.0,
    1.0,
    1.0,
    1.0,
    1.0,
    1.0,
    1.0,
    1.0,
    1.0,
    1.0,
    1.0,
    1.0,
    1.0,
    1.0,
    1.0,
    1.0,
    1.0,
    1.0,
    1.0,
    1.0,
    1.0,
    1.0,
    1.0,
    1.0,
    1.0,
    1.0,
    1.0,
    1.0,
    1.0,
    1.0,
    1.0,
    1.0,
    1.0,
    1.0
  ]
}