{
  "algo": "custom",
  "model_path": "checkpoints/custom/NoisyGoalReacher-v0__train_custom_ppo__dense__12__1784439909/best/train_custom_ppo.cleanrl_model",
  "env_id": "NoisyGoalReacher-v0",
  "deterministic": true,
  "base_seed": 3000,
  "episode_seeds": [
    3000,
    3001,
    3002,
    3003,
    3004,
    3005,
    3006,
    3007,
    3008,
    3009,
    3010,
    3011,
    3012,
    3013,
    3014,
    3015,
    3016,
    3017,
    3018,
    3019,
    3020,
    3021,
    3022,
    3023,
    3024,
    3025,
    3026,
    3027,
    3028,
    3029,
    3030,
    3031,
    3032,
    3033,
    3034,
    3035,
    3036,
    3037,
    3038,
    3039,
    3040,
    3041,
    3042,
    3043,
    3044,
    3045,
    3046,
    3047,
    3048,
    3049
  ],
  "n_episodes": 50,
  "mean_return": -4.596751703060582,
  "std_return": 1.4041365835884998,
  "mean_length": 50.0,
  "success_rate": 0.88,
  "episode_returns": [
    -4.515838801860809,
    -7.301118701696396,
    -5.424408677965403,
    -5.2598478849977255,
    -4.960005197674036,
    -4.217605524230748,
    -5.374287229031324,
    -2.477060988545418,
    -7.763037998229265,
    -3.0471034171059728,
    -5.655495673418045,
    -6.74130205065012,
    -3.5571927689015865,
    -3.927876152098179,
    -4.304169004783034,
    -1.8174879821017385,
    -5.105800750665367,
    -5.357013141503558,
    -5.090574141591787,
    -2.599596760235727,
    -5.435290636494756,
    -4.325566092506051,
    -3.453488064929843,
    -4.5875242608599365,
    -5.918039865791798,
    -3.178144022356719,
    -4.515260640531778,
    -5.123486675322056,
    -5.277124524582177,
    -3.6309224469587207,
    -2.8050265666097403,
    -4.904183741658926,
    -4.491007059812546,
    -4.135832673870027,
    -6.905256863683462,
    -4.778387148864567,
    -4.180956634692848,
    -5.148179970216006,
    -3.379812613129616,
    -3.9967576120980084,
    -2.9217363744974136,
    -7.71457308344543,
    -1.4472776693291962,
    -6.347002502530813,
    -2.767660287208855,
    -4.887830689753173,
    -3.1932809576392174,
    -6.117994047701359,
    -5.0935562290251255,
    -4.679602349642664
  ],
  "episode_lengths": [
    50,
    50,
    50,
    50,
    50,
    50,
    50,
    50,
    50,
    50,
    50,
    50,
    50,
    50,
    50,
    50,
    50,
    50,
    50,
    50,
    50,
    50,
    50,
    50,
    50,
    50,
    50,
    50,
    50,
    50,
    50,
    50,
    50,
    50,
    50,
    50,
    50,
    50,
    50,
    50,
    50,
    50,
    50,
    50,
    50,
    50,
    50,
    50,
    50,
    50
  ],
  "episode_successes": [
    1.0,
    1.0,
    1.0,
    1.0,
    0.0,
    1.0,
    1.0,
    1.0,
    1.0,
    1.0,
    0.0,
    0.0,
    1.0,
    1.0,
    1.0,
    1.0,
    1.0,
    1.0,
    1.0,
    1.0,
    1.0,
    1.0,
    1.0,
    1.0,
    1.0,
    1.0,
    1.0,
    0.0,
    1.0,
    1.0,
    1.0,
    1.0,
    1.0,
    1.0,
    1.0,
    1.0,
    1.0,
    1.0,
    0.0,
    1.0,
    0.0,
    1.0,
    1.0,
    1.0,
    1.0,
    1.0,
    1.0,
    1.0,
    1.0,
    1.0
  ]
}