{
  "algo": "custom",
  "model_path": "checkpoints/custom/NoisyGoalReacher-v0__train_custom_ppo__1__1784437680/best/train_custom_ppo.cleanrl_model",
  "env_id": "NoisyGoalReacher-v0",
  "env_kwargs": {
    "goal_radius_min": 0.05,
    "goal_radius_max": 0.18,
    "noise_sigma": 0.02,
    "success_threshold": 0.04,
    "reward_type": "dense"
  },
  "deterministic": true,
  "base_seed": 3000,
  "episode_seeds": [
    3000,
    3001,
    3002,
    3003,
    3004,
    3005,
    3006,
    3007,
    3008,
    3009,
    3010,
    3011,
    3012,
    3013,
    3014,
    3015,
    3016,
    3017,
    3018,
    3019,
    3020,
    3021,
    3022,
    3023,
    3024,
    3025,
    3026,
    3027,
    3028,
    3029,
    3030,
    3031,
    3032,
    3033,
    3034,
    3035,
    3036,
    3037,
    3038,
    3039,
    3040,
    3041,
    3042,
    3043,
    3044,
    3045,
    3046,
    3047,
    3048,
    3049
  ],
  "n_episodes": 50,
  "mean_return": -4.242320018314349,
  "std_return": 1.1048380553662436,
  "mean_length": 50.0,
  "success_rate": 0.92,
  "episode_returns": [
    -3.557739694137126,
    -5.6790994899347425,
    -4.538136912509799,
    -4.308846418745816,
    -4.068546690046787,
    -4.426638156175613,
    -4.874308190308511,
    -2.333090010099113,
    -5.8260122262872756,
    -3.4881214601919055,
    -5.2694737911224365,
    -6.408285535871983,
    -3.4608572060242295,
    -3.4026037715375423,
    -4.261560635641217,
    -2.0952403945848346,
    -4.599605914670974,
    -5.503893680870533,
    -4.546531429514289,
    -2.25534894131124,
    -5.5812615044415,
    -4.157414616085589,
    -3.77918610163033,
    -4.321908061392605,
    -5.340409019030631,
    -3.55552985239774,
    -4.8557886853814125,
    -4.168600745499134,
    -5.304978440515697,
    -3.8520427737385035,
    -2.997631118632853,
    -4.707156617194414,
    -4.309901954140514,
    -3.9419682772131637,
    -5.289761588908732,
    -4.6648837849497795,
    -4.102180063724518,
    -5.204245410859585,
    -3.6321384012699127,
    -3.7360279890708625,
    -1.9291533967480063,
    -6.494426396675408,
    -2.1417406238615513,
    -4.873851745389402,
    -2.6715100100263953,
    -5.125851575285196,
    -2.1624532707064645,
    -4.943563625216484,
    -4.558925311081111,
    -4.807569405063987
  ],
  "episode_lengths": [
    50,
    50,
    50,
    50,
    50,
    50,
    50,
    50,
    50,
    50,
    50,
    50,
    50,
    50,
    50,
    50,
    50,
    50,
    50,
    50,
    50,
    50,
    50,
    50,
    50,
    50,
    50,
    50,
    50,
    50,
    50,
    50,
    50,
    50,
    50,
    50,
    50,
    50,
    50,
    50,
    50,
    50,
    50,
    50,
    50,
    50,
    50,
    50,
    50,
    50
  ],
  "episode_successes": [
    1.0,
    1.0,
    1.0,
    1.0,
    1.0,
    1.0,
    1.0,
    1.0,
    1.0,
    1.0,
    0.0,
    0.0,
    1.0,
    1.0,
    1.0,
    1.0,
    1.0,
    1.0,
    1.0,
    1.0,
    1.0,
    1.0,
    1.0,
    1.0,
    1.0,
    1.0,
    0.0,
    1.0,
    1.0,
    1.0,
    1.0,
    1.0,
    1.0,
    1.0,
    1.0,
    1.0,
    1.0,
    1.0,
    0.0,
    1.0,
    1.0,
    1.0,
    1.0,
    1.0,
    1.0,
    1.0,
    1.0,
    1.0,
    1.0,
    1.0
  ]
}