{
  "algo": "custom",
  "model_path": "checkpoints/custom/NoisyGoalReacher-v0__train_custom_ppo__1__1784437680/best/train_custom_ppo.cleanrl_model",
  "env_id": "NoisyGoalReacher-v0",
  "env_kwargs": {
    "goal_radius_min": 0.05,
    "goal_radius_max": 0.18,
    "noise_sigma": 0.005,
    "success_threshold": 0.04,
    "reward_type": "dense"
  },
  "deterministic": true,
  "base_seed": 3000,
  "episode_seeds": [
    3000,
    3001,
    3002,
    3003,
    3004,
    3005,
    3006,
    3007,
    3008,
    3009,
    3010,
    3011,
    3012,
    3013,
    3014,
    3015,
    3016,
    3017,
    3018,
    3019,
    3020,
    3021,
    3022,
    3023,
    3024,
    3025,
    3026,
    3027,
    3028,
    3029,
    3030,
    3031,
    3032,
    3033,
    3034,
    3035,
    3036,
    3037,
    3038,
    3039,
    3040,
    3041,
    3042,
    3043,
    3044,
    3045,
    3046,
    3047,
    3048,
    3049
  ],
  "n_episodes": 50,
  "mean_return": -4.22907113157562,
  "std_return": 1.1096606740025863,
  "mean_length": 50.0,
  "success_rate": 0.92,
  "episode_returns": [
    -3.5368165322579443,
    -5.668347119470127,
    -4.510816026479006,
    -4.3056111903861165,
    -4.023000485263765,
    -4.3921617502346635,
    -4.884780989028513,
    -2.326954247895628,
    -5.771175979520194,
    -3.487243127077818,
    -5.24397948384285,
    -6.438417613506317,
    -3.459336083382368,
    -3.3957185186445713,
    -4.203006208874285,
    -2.0850908821448684,
    -4.667980331927538,
    -5.584549579769373,
    -4.54941286239773,
    -2.2592082950286567,
    -5.556816117838025,
    -4.17422984726727,
    -3.728534087538719,
    -4.319609880447388,
    -5.386682364158332,
    -3.5644570039585233,
    -4.810227449983358,
    -4.1431777607649565,
    -5.366852500475943,
    -3.875620534643531,
    -2.939391194842756,
    -4.663397184573114,
    -4.286681874888018,
    -3.948953264625743,
    -5.26240396569483,
    -4.704362748190761,
    -4.107686043716967,
    -5.263700387440622,
    -3.6234868466854095,
    -3.6843571005156264,
    -1.878469916060567,
    -6.396287940442562,
    -2.131396516226232,
    -4.860191999468952,
    -2.6478271894156933,
    -5.093869453296065,
    -2.1090641995542683,
    -4.913463599048555,
    -4.540889886207879,
    -4.67786041367799
  ],
  "episode_lengths": [
    50,
    50,
    50,
    50,
    50,
    50,
    50,
    50,
    50,
    50,
    50,
    50,
    50,
    50,
    50,
    50,
    50,
    50,
    50,
    50,
    50,
    50,
    50,
    50,
    50,
    50,
    50,
    50,
    50,
    50,
    50,
    50,
    50,
    50,
    50,
    50,
    50,
    50,
    50,
    50,
    50,
    50,
    50,
    50,
    50,
    50,
    50,
    50,
    50,
    50
  ],
  "episode_successes": [
    1.0,
    1.0,
    1.0,
    1.0,
    1.0,
    1.0,
    1.0,
    1.0,
    1.0,
    1.0,
    0.0,
    0.0,
    1.0,
    1.0,
    1.0,
    1.0,
    1.0,
    1.0,
    1.0,
    1.0,
    1.0,
    1.0,
    1.0,
    1.0,
    1.0,
    1.0,
    0.0,
    1.0,
    1.0,
    1.0,
    1.0,
    1.0,
    1.0,
    1.0,
    1.0,
    1.0,
    1.0,
    1.0,
    0.0,
    1.0,
    1.0,
    1.0,
    1.0,
    1.0,
    1.0,
    1.0,
    1.0,
    1.0,
    1.0,
    1.0
  ]
}