{
  "algo": "custom",
  "model_path": "checkpoints/custom/NoisyGoalReacher-v0__train_custom_ppo__dense__1__1784454216/periodic/train_custom_ppo_901120_steps.cleanrl_model",
  "env_id": "NoisyGoalReacher-v0",
  "env_kwargs": {
    "goal_radius_min": 0.05,
    "goal_radius_max": 0.18,
    "noise_sigma": 0.005,
    "success_threshold": 0.04,
    "reward_type": "dense",
    "success_bonus": 3.0
  },
  "deterministic": true,
  "base_seed": 40000,
  "episode_seeds": [
    40000,
    40001,
    40002,
    40003,
    40004,
    40005,
    40006,
    40007,
    40008,
    40009,
    40010,
    40011,
    40012,
    40013,
    40014,
    40015,
    40016,
    40017,
    40018,
    40019,
    40020,
    40021,
    40022,
    40023,
    40024,
    40025,
    40026,
    40027,
    40028,
    40029,
    40030,
    40031,
    40032,
    40033,
    40034,
    40035,
    40036,
    40037,
    40038,
    40039,
    40040,
    40041,
    40042,
    40043,
    40044,
    40045,
    40046,
    40047,
    40048,
    40049
  ],
  "n_episodes": 50,
  "mean_return": 93.24461546480656,
  "std_return": 33.26617120116805,
  "mean_length": 50.0,
  "success_rate": 0.96,
  "episode_returns": [
    115.21249867975712,
    132.11761646717787,
    65.52565208822489,
    99.46545867621899,
    10.335678074508905,
    114.01339382305741,
    105.91925326734781,
    122.89701537787914,
    69.41064437478781,
    40.63496683165431,
    118.7403893172741,
    91.25963969528675,
    94.79338750243187,
    110.04644466936588,
    122.62036380916834,
    93.08839817345142,
    128.63986410945654,
    6.184502795338631,
    -5.0379653647542,
    82.20154204964638,
    117.2838490344584,
    112.280971378088,
    109.48919874429703,
    93.70554549619555,
    -5.237533275038004,
    115.13814218342304,
    103.7788658440113,
    63.38884574174881,
    110.75969571992755,
    107.85966167598963,
    56.86052930355072,
    111.20082408189774,
    121.92120834439993,
    103.97848785668612,
    113.95401978492737,
    104.63704488426447,
    110.90411774814129,
    92.13488583266735,
    101.53325916081667,
    83.86141900345683,
    77.85463954508305,
    100.33784122765064,
    102.3819948732853,
    128.9795964434743,
    100.14798267930746,
    111.2885828949511,
    111.39797715470195,
    106.59632079303265,
    62.07482051104307,
    113.66923415660858
  ],
  "episode_lengths": [
    50,
    50,
    50,
    50,
    50,
    50,
    50,
    50,
    50,
    50,
    50,
    50,
    50,
    50,
    50,
    50,
    50,
    50,
    50,
    50,
    50,
    50,
    50,
    50,
    50,
    50,
    50,
    50,
    50,
    50,
    50,
    50,
    50,
    50,
    50,
    50,
    50,
    50,
    50,
    50,
    50,
    50,
    50,
    50,
    50,
    50,
    50,
    50,
    50,
    50
  ],
  "episode_successes": [
    1.0,
    1.0,
    1.0,
    1.0,
    1.0,
    1.0,
    1.0,
    1.0,
    1.0,
    1.0,
    1.0,
    1.0,
    1.0,
    1.0,
    1.0,
    1.0,
    1.0,
    1.0,
    0.0,
    1.0,
    1.0,
    1.0,
    1.0,
    1.0,
    0.0,
    1.0,
    1.0,
    1.0,
    1.0,
    1.0,
    1.0,
    1.0,
    1.0,
    1.0,
    1.0,
    1.0,
    1.0,
    1.0,
    1.0,
    1.0,
    1.0,
    1.0,
    1.0,
    1.0,
    1.0,
    1.0,
    1.0,
    1.0,
    1.0,
    1.0
  ]
}