{
  "algo": "custom",
  "model_path": "checkpoints/custom/NoisyGoalReacher-v0__train_custom_ppo__dense__1__1784454216/periodic/train_custom_ppo_901120_steps.cleanrl_model",
  "env_id": "NoisyGoalReacher-v0",
  "env_kwargs": {
    "goal_radius_min": 0.05,
    "goal_radius_max": 0.18,
    "noise_sigma": 0.005,
    "success_threshold": 0.04,
    "reward_type": "dense",
    "success_bonus": 3.0
  },
  "deterministic": true,
  "base_seed": 3000,
  "episode_seeds": [
    3000,
    3001,
    3002,
    3003,
    3004,
    3005,
    3006,
    3007,
    3008,
    3009,
    3010,
    3011,
    3012,
    3013,
    3014,
    3015,
    3016,
    3017,
    3018,
    3019,
    3020,
    3021,
    3022,
    3023,
    3024,
    3025,
    3026,
    3027,
    3028,
    3029,
    3030,
    3031,
    3032,
    3033,
    3034,
    3035,
    3036,
    3037,
    3038,
    3039,
    3040,
    3041,
    3042,
    3043,
    3044,
    3045,
    3046,
    3047,
    3048,
    3049
  ],
  "n_episodes": 50,
  "mean_return": 90.24447119943798,
  "std_return": 31.383976830385073,
  "mean_length": 50.0,
  "success_rate": 0.96,
  "episode_returns": [
    78.92551301419735,
    57.491806235164404,
    98.86091223359108,
    92.71261616796255,
    66.53441261872649,
    114.6821018755436,
    42.93999309837818,
    107.94696262851357,
    81.62337353825569,
    106.75132142752409,
    88.78767351806164,
    43.17027281969786,
    118.7881203442812,
    106.47045293450356,
    102.21169898658991,
    128.67673917859793,
    102.0070087313652,
    106.5209033191204,
    46.69612020254135,
    122.78791174292564,
    109.6416295915842,
    102.21679946035147,
    106.65353106707335,
    114.32076774537563,
    9.336009655147791,
    106.40402932465076,
    88.42143765836954,
    -5.518962036818266,
    73.76654758304358,
    106.0642487630248,
    104.59913505241275,
    92.90646677464247,
    53.05601532757282,
    62.81430811062455,
    81.97865253686905,
    96.01934191212058,
    103.14757249504328,
    109.91229943931103,
    114.10912637040019,
    115.24871374666691,
    117.15615060552955,
    90.30804918706417,
    128.81528099626303,
    92.07365182042122,
    122.40743436664343,
    110.04903177917004,
    107.97714225575328,
    85.43224062025547,
    -6.556965418159962,
    104.8779585659504
  ],
  "episode_lengths": [
    50,
    50,
    50,
    50,
    50,
    50,
    50,
    50,
    50,
    50,
    50,
    50,
    50,
    50,
    50,
    50,
    50,
    50,
    50,
    50,
    50,
    50,
    50,
    50,
    50,
    50,
    50,
    50,
    50,
    50,
    50,
    50,
    50,
    50,
    50,
    50,
    50,
    50,
    50,
    50,
    50,
    50,
    50,
    50,
    50,
    50,
    50,
    50,
    50,
    50
  ],
  "episode_successes": [
    1.0,
    1.0,
    1.0,
    1.0,
    1.0,
    1.0,
    1.0,
    1.0,
    1.0,
    1.0,
    1.0,
    1.0,
    1.0,
    1.0,
    1.0,
    1.0,
    1.0,
    1.0,
    1.0,
    1.0,
    1.0,
    1.0,
    1.0,
    1.0,
    1.0,
    1.0,
    1.0,
    0.0,
    1.0,
    1.0,
    1.0,
    1.0,
    1.0,
    1.0,
    1.0,
    1.0,
    1.0,
    1.0,
    1.0,
    1.0,
    1.0,
    1.0,
    1.0,
    1.0,
    1.0,
    1.0,
    1.0,
    1.0,
    0.0,
    1.0
  ]
}