{
  "algo": "custom",
  "model_path": "checkpoints/custom/NoisyGoalReacher-v0__train_custom_ppo__dense__1300__1784456718/periodic/train_custom_ppo_901120_steps.cleanrl_model",
  "env_id": "NoisyGoalReacher-v0",
  "env_kwargs": {
    "goal_radius_min": 0.05,
    "goal_radius_max": 0.18,
    "noise_sigma": 0.005,
    "success_threshold": 0.04,
    "reward_type": "dense",
    "success_bonus": 3.0
  },
  "deterministic": true,
  "base_seed": 3000,
  "episode_seeds": [
    3000,
    3001,
    3002,
    3003,
    3004,
    3005,
    3006,
    3007,
    3008,
    3009,
    3010,
    3011,
    3012,
    3013,
    3014,
    3015,
    3016,
    3017,
    3018,
    3019,
    3020,
    3021,
    3022,
    3023,
    3024,
    3025,
    3026,
    3027,
    3028,
    3029,
    3030,
    3031,
    3032,
    3033,
    3034,
    3035,
    3036,
    3037,
    3038,
    3039,
    3040,
    3041,
    3042,
    3043,
    3044,
    3045,
    3046,
    3047,
    3048,
    3049
  ],
  "n_episodes": 50,
  "mean_return": 61.79114010453224,
  "std_return": 43.02484428056412,
  "mean_length": 50.0,
  "success_rate": 0.76,
  "episode_returns": [
    -6.227788046002388,
    86.99641413241625,
    90.90195694193244,
    91.4876334220171,
    -6.3598892986774445,
    49.72550815343857,
    90.90882894396782,
    23.58754888921976,
    86.75082583725452,
    101.85276330262423,
    -5.805864907801151,
    -7.024410538375378,
    100.00750367715955,
    54.70345929637551,
    91.4265886247158,
    113.71048919484019,
    -7.616059705615044,
    83.18369840830564,
    90.94666150212288,
    106.81881340965629,
    -9.16352415829897,
    94.58270474523306,
    98.48997012898326,
    85.97758340835571,
    87.48418543487787,
    98.51369152218103,
    -5.962091468274593,
    -7.7718620747327805,
    28.91535571962595,
    94.92786739766598,
    107.75909826532006,
    79.9967820495367,
    91.3381937071681,
    94.62169932946563,
    87.41573870927095,
    -7.9208309799432755,
    94.74707769602537,
    -8.668750237673521,
    42.09342425689101,
    90.02200236916542,
    48.280417658388615,
    87.36905989795923,
    89.38465623557568,
    87.47621874883771,
    107.03283209353685,
    79.53763180971146,
    -4.258590281009674,
    90.68346680700779,
    -7.145429901778698,
    43.823745097965
  ],
  "episode_lengths": [
    50,
    50,
    50,
    50,
    50,
    50,
    50,
    50,
    50,
    50,
    50,
    50,
    50,
    50,
    50,
    50,
    50,
    50,
    50,
    50,
    50,
    50,
    50,
    50,
    50,
    50,
    50,
    50,
    50,
    50,
    50,
    50,
    50,
    50,
    50,
    50,
    50,
    50,
    50,
    50,
    50,
    50,
    50,
    50,
    50,
    50,
    50,
    50,
    50,
    50
  ],
  "episode_successes": [
    0.0,
    1.0,
    1.0,
    1.0,
    0.0,
    1.0,
    1.0,
    1.0,
    1.0,
    1.0,
    0.0,
    0.0,
    1.0,
    1.0,
    1.0,
    1.0,
    0.0,
    1.0,
    1.0,
    1.0,
    0.0,
    1.0,
    1.0,
    1.0,
    1.0,
    1.0,
    0.0,
    0.0,
    1.0,
    1.0,
    1.0,
    1.0,
    1.0,
    1.0,
    1.0,
    0.0,
    1.0,
    0.0,
    1.0,
    1.0,
    1.0,
    1.0,
    1.0,
    1.0,
    1.0,
    1.0,
    0.0,
    1.0,
    0.0,
    1.0
  ]
}