{
  "algo": "custom",
  "model_path": "checkpoints/custom/NoisyGoalReacher-v0__train_custom_ppo__dense__1__1784454216/best/train_custom_ppo.cleanrl_model",
  "env_id": "NoisyGoalReacher-v0",
  "env_kwargs": {
    "goal_radius_min": 0.05,
    "goal_radius_max": 0.18,
    "noise_sigma": 0.005,
    "success_threshold": 0.04,
    "reward_type": "dense",
    "success_bonus": 3.0
  },
  "deterministic": true,
  "base_seed": 40000,
  "episode_seeds": [
    40000,
    40001,
    40002,
    40003,
    40004,
    40005,
    40006,
    40007,
    40008,
    40009,
    40010,
    40011,
    40012,
    40013,
    40014,
    40015,
    40016,
    40017,
    40018,
    40019,
    40020,
    40021,
    40022,
    40023,
    40024,
    40025,
    40026,
    40027,
    40028,
    40029,
    40030,
    40031,
    40032,
    40033,
    40034,
    40035,
    40036,
    40037,
    40038,
    40039,
    40040,
    40041,
    40042,
    40043,
    40044,
    40045,
    40046,
    40047,
    40048,
    40049
  ],
  "n_episodes": 50,
  "mean_return": 55.885437689200046,
  "std_return": 49.05682564423904,
  "mean_length": 50.0,
  "success_rate": 0.74,
  "episode_returns": [
    112.06173053383827,
    103.00182557851076,
    -13.069059751927853,
    21.396989185363054,
    -9.734654761850834,
    84.24014489725232,
    93.507209751755,
    111.55979371443391,
    -7.4011333510279655,
    -9.653566218912601,
    116.27397580444813,
    -14.651184432208538,
    83.5176328420639,
    55.50698882713914,
    117.02004984766245,
    -11.762563958764076,
    123.57829117402434,
    -7.569834474474192,
    46.143732249736786,
    -0.48166103661060333,
    93.59759859740734,
    100.4980085119605,
    23.75724382326007,
    76.57547902315855,
    30.220422390848398,
    112.13440101593733,
    86.51194157451391,
    -7.421164788305759,
    133.06761392205954,
    65.07312955707312,
    -7.94677035883069,
    78.29615499824286,
    119.68684041500092,
    89.79787040874362,
    83.94275478646159,
    81.19839909672737,
    53.51419624686241,
    12.199169039726257,
    68.744355391711,
    -12.576430395245552,
    -14.060966983437538,
    -9.94141586497426,
    33.025361247360706,
    123.81853613257408,
    99.60867960751057,
    72.00296363979578,
    87.56443015113473,
    92.24068858101964,
    -14.353768274188042,
    50.01145654544234
  ],
  "episode_lengths": [
    50,
    50,
    50,
    50,
    50,
    50,
    50,
    50,
    50,
    50,
    50,
    50,
    50,
    50,
    50,
    50,
    50,
    50,
    50,
    50,
    50,
    50,
    50,
    50,
    50,
    50,
    50,
    50,
    50,
    50,
    50,
    50,
    50,
    50,
    50,
    50,
    50,
    50,
    50,
    50,
    50,
    50,
    50,
    50,
    50,
    50,
    50,
    50,
    50,
    50
  ],
  "episode_successes": [
    1.0,
    1.0,
    0.0,
    1.0,
    0.0,
    1.0,
    1.0,
    1.0,
    0.0,
    0.0,
    1.0,
    0.0,
    1.0,
    1.0,
    1.0,
    0.0,
    1.0,
    0.0,
    1.0,
    1.0,
    1.0,
    1.0,
    1.0,
    1.0,
    1.0,
    1.0,
    1.0,
    0.0,
    1.0,
    1.0,
    0.0,
    1.0,
    1.0,
    1.0,
    1.0,
    1.0,
    1.0,
    1.0,
    1.0,
    0.0,
    0.0,
    0.0,
    1.0,
    1.0,
    1.0,
    1.0,
    1.0,
    1.0,
    0.0,
    1.0
  ]
}