{
  "algo": "custom",
  "model_path": "checkpoints/custom/NoisyGoalReacher-v0__train_custom_ppo__dense__1__1784454216/best/train_custom_ppo.cleanrl_model",
  "env_id": "NoisyGoalReacher-v0",
  "env_kwargs": {
    "goal_radius_min": 0.05,
    "goal_radius_max": 0.18,
    "noise_sigma": 0.005,
    "success_threshold": 0.04,
    "reward_type": "dense",
    "success_bonus": 3.0
  },
  "deterministic": true,
  "base_seed": 3000,
  "episode_seeds": [
    3000,
    3001,
    3002,
    3003,
    3004,
    3005,
    3006,
    3007,
    3008,
    3009,
    3010,
    3011,
    3012,
    3013,
    3014,
    3015,
    3016,
    3017,
    3018,
    3019,
    3020,
    3021,
    3022,
    3023,
    3024,
    3025,
    3026,
    3027,
    3028,
    3029,
    3030,
    3031,
    3032,
    3033,
    3034,
    3035,
    3036,
    3037,
    3038,
    3039,
    3040,
    3041,
    3042,
    3043,
    3044,
    3045,
    3046,
    3047,
    3048,
    3049
  ],
  "n_episodes": 50,
  "mean_return": 56.60052206404507,
  "std_return": 43.77626005863423,
  "mean_length": 50.0,
  "success_rate": 0.86,
  "episode_returns": [
    -6.983067110180855,
    22.75181497260928,
    58.79174092039466,
    86.04585778713226,
    -7.462493773549795,
    78.16847471147776,
    13.796286910772324,
    80.56309590488672,
    6.736995626240969,
    106.34187219291925,
    68.4487738609314,
    49.06305805966258,
    116.09466754645109,
    92.13641282171011,
    95.80994763225317,
    123.63585503771901,
    32.13655062392354,
    12.03612181916833,
    -9.192915108054876,
    117.34497635066509,
    17.99047377333045,
    95.70900062471628,
    106.11135192215443,
    81.09532618150115,
    13.795908026397228,
    106.14014182984829,
    68.28430241346359,
    -6.473275024443865,
    37.18732953816652,
    105.87101352214813,
    91.71461956202984,
    71.90362361446023,
    -8.806311450898647,
    4.359302099794149,
    -3.9544239342212677,
    32.59154308214784,
    87.3512642942369,
    39.86788193881512,
    90.76325719431043,
    115.06500932574272,
    90.41479758918285,
    -12.896935291588306,
    126.73162139952183,
    57.91579906642437,
    117.11651746183634,
    24.987443942576647,
    65.65273758396506,
    35.830061100423336,
    -8.765308901667595,
    50.20800393074751
  ],
  "episode_lengths": [
    50,
    50,
    50,
    50,
    50,
    50,
    50,
    50,
    50,
    50,
    50,
    50,
    50,
    50,
    50,
    50,
    50,
    50,
    50,
    50,
    50,
    50,
    50,
    50,
    50,
    50,
    50,
    50,
    50,
    50,
    50,
    50,
    50,
    50,
    50,
    50,
    50,
    50,
    50,
    50,
    50,
    50,
    50,
    50,
    50,
    50,
    50,
    50,
    50,
    50
  ],
  "episode_successes": [
    0.0,
    1.0,
    1.0,
    1.0,
    0.0,
    1.0,
    1.0,
    1.0,
    1.0,
    1.0,
    1.0,
    1.0,
    1.0,
    1.0,
    1.0,
    1.0,
    1.0,
    1.0,
    0.0,
    1.0,
    1.0,
    1.0,
    1.0,
    1.0,
    1.0,
    1.0,
    1.0,
    0.0,
    1.0,
    1.0,
    1.0,
    1.0,
    0.0,
    1.0,
    1.0,
    1.0,
    1.0,
    1.0,
    1.0,
    1.0,
    1.0,
    0.0,
    1.0,
    1.0,
    1.0,
    1.0,
    1.0,
    1.0,
    0.0,
    1.0
  ]
}