{
  "algo": "custom",
  "model_path": "checkpoints/custom/NoisyGoalReacher-v0__train_custom_ppo__1__1784437680/best/train_custom_ppo.cleanrl_model",
  "env_id": "NoisyGoalReacher-v0",
  "env_kwargs": {
    "goal_radius_min": 0.05,
    "goal_radius_max": 0.18,
    "noise_sigma": 0.005,
    "success_threshold": 0.04,
    "reward_type": "dense",
    "success_bonus": 0.0
  },
  "deterministic": true,
  "base_seed": 40000,
  "episode_seeds": [
    40000,
    40001,
    40002,
    40003,
    40004,
    40005,
    40006,
    40007,
    40008,
    40009,
    40010,
    40011,
    40012,
    40013,
    40014,
    40015,
    40016,
    40017,
    40018,
    40019,
    40020,
    40021,
    40022,
    40023,
    40024,
    40025,
    40026,
    40027,
    40028,
    40029,
    40030,
    40031,
    40032,
    40033,
    40034,
    40035,
    40036,
    40037,
    40038,
    40039,
    40040,
    40041,
    40042,
    40043,
    40044,
    40045,
    40046,
    40047,
    40048,
    40049
  ],
  "n_episodes": 50,
  "mean_return": -4.002665078253485,
  "std_return": 1.4602275233529463,
  "mean_length": 50.0,
  "success_rate": 0.94,
  "episode_returns": [
    -3.746776684653014,
    -1.5620231162756681,
    -6.595600141212344,
    -4.271418869495392,
    -4.804819285403937,
    -1.8791882707737386,
    -4.108364103361964,
    -1.9628703533671796,
    -4.153208959847689,
    -4.692690809490159,
    -3.569136856123805,
    -5.5967232920229435,
    -3.5419898591935635,
    -5.063193958252668,
    -2.627843121998012,
    -6.5119121968746185,
    -2.369023947045207,
    -4.047482212074101,
    -4.416342590004206,
    -3.4311428018845618,
    -1.9526436710730195,
    -3.6152153657749295,
    -5.591893976554275,
    -4.3516790475696325,
    -4.766907632350922,
    -3.7578725428320467,
    -3.367383148521185,
    -3.8264186484739184,
    -1.6937278285622597,
    -2.4066181099042296,
    -3.937525924295187,
    -2.973499644547701,
    -3.4992550984025,
    -2.883126299828291,
    -2.0162417753599584,
    -3.892306126654148,
    -4.41332569392398,
    -7.10302565433085,
    -4.652491398155689,
    -6.598297815769911,
    -7.166069116443396,
    -5.815840734168887,
    -4.332529520615935,
    -1.8112011021003127,
    -3.7107562478631735,
    -2.132590071298182,
    -4.099286496639252,
    -3.4139386620372534,
    -6.480750444345176,
    -4.919084684923291
  ],
  "episode_lengths": [
    50,
    50,
    50,
    50,
    50,
    50,
    50,
    50,
    50,
    50,
    50,
    50,
    50,
    50,
    50,
    50,
    50,
    50,
    50,
    50,
    50,
    50,
    50,
    50,
    50,
    50,
    50,
    50,
    50,
    50,
    50,
    50,
    50,
    50,
    50,
    50,
    50,
    50,
    50,
    50,
    50,
    50,
    50,
    50,
    50,
    50,
    50,
    50,
    50,
    50
  ],
  "episode_successes": [
    1.0,
    1.0,
    1.0,
    1.0,
    1.0,
    1.0,
    1.0,
    1.0,
    1.0,
    1.0,
    1.0,
    1.0,
    1.0,
    1.0,
    1.0,
    1.0,
    1.0,
    1.0,
    1.0,
    1.0,
    1.0,
    1.0,
    1.0,
    1.0,
    1.0,
    1.0,
    1.0,
    1.0,
    1.0,
    1.0,
    1.0,
    1.0,
    1.0,
    1.0,
    1.0,
    0.0,
    1.0,
    1.0,
    0.0,
    1.0,
    1.0,
    1.0,
    1.0,
    1.0,
    1.0,
    1.0,
    0.0,
    1.0,
    1.0,
    1.0
  ]
}