{
  "algo": "custom",
  "model_path": "checkpoints/custom/NoisyGoalReacher-v0__train_custom_ppo__1__1784437680/best/train_custom_ppo.cleanrl_model",
  "env_id": "NoisyGoalReacher-v0",
  "env_kwargs": {
    "goal_radius_min": 0.05,
    "goal_radius_max": 0.18,
    "noise_sigma": 0.0,
    "success_threshold": 0.04,
    "reward_type": "dense"
  },
  "deterministic": true,
  "base_seed": 3000,
  "episode_seeds": [
    3000,
    3001,
    3002,
    3003,
    3004,
    3005,
    3006,
    3007,
    3008,
    3009,
    3010,
    3011,
    3012,
    3013,
    3014,
    3015,
    3016,
    3017,
    3018,
    3019,
    3020,
    3021,
    3022,
    3023,
    3024,
    3025,
    3026,
    3027,
    3028,
    3029,
    3030,
    3031,
    3032,
    3033,
    3034,
    3035,
    3036,
    3037,
    3038,
    3039,
    3040,
    3041,
    3042,
    3043,
    3044,
    3045,
    3046,
    3047,
    3048,
    3049
  ],
  "n_episodes": 50,
  "mean_return": -4.229178387080319,
  "std_return": 1.1126373546916464,
  "mean_length": 50.0,
  "success_rate": 0.92,
  "episode_returns": [
    -3.534284997265786,
    -5.673262489959598,
    -4.504282297566533,
    -4.310182403773069,
    -4.014781071804464,
    -4.3858319306746125,
    -4.889149123802781,
    -2.32938386593014,
    -5.776259576785378,
    -3.4914122531190515,
    -5.243491604924202,
    -6.45712149143219,
    -3.4636655477806926,
    -3.3959683561697602,
    -4.1859491700306535,
    -2.082951840944588,
    -4.693508409895003,
    -5.6144288601353765,
    -4.551352141657844,
    -2.2618819917552173,
    -5.550438586622477,
    -4.182106633670628,
    -3.7194128036499023,
    -4.324043357279152,
    -5.408056598156691,
    -3.5716649666428566,
    -4.799220860004425,
    -4.135623464360833,
    -5.388912204653025,
    -3.8886250648647547,
    -2.932896038517356,
    -4.653390323743224,
    -4.28133554244414,
    -3.9548837929032743,
    -5.256785005796701,
    -4.7204909939318895,
    -4.115373128093779,
    -5.285116502083838,
    -3.6241040229797363,
    -3.6776517531834543,
    -1.8570166984573007,
    -6.372980519197881,
    -2.1278007086366415,
    -4.8615997629240155,
    -2.6428341660648584,
    -5.0813557440415025,
    -2.100118151982315,
    -4.9058653097599745,
    -4.540668128523976,
    -4.639399095438421
  ],
  "episode_lengths": [
    50,
    50,
    50,
    50,
    50,
    50,
    50,
    50,
    50,
    50,
    50,
    50,
    50,
    50,
    50,
    50,
    50,
    50,
    50,
    50,
    50,
    50,
    50,
    50,
    50,
    50,
    50,
    50,
    50,
    50,
    50,
    50,
    50,
    50,
    50,
    50,
    50,
    50,
    50,
    50,
    50,
    50,
    50,
    50,
    50,
    50,
    50,
    50,
    50,
    50
  ],
  "episode_successes": [
    1.0,
    1.0,
    1.0,
    1.0,
    1.0,
    1.0,
    1.0,
    1.0,
    1.0,
    1.0,
    0.0,
    0.0,
    1.0,
    1.0,
    1.0,
    1.0,
    1.0,
    1.0,
    1.0,
    1.0,
    1.0,
    1.0,
    1.0,
    1.0,
    1.0,
    1.0,
    0.0,
    1.0,
    1.0,
    1.0,
    1.0,
    1.0,
    1.0,
    1.0,
    1.0,
    1.0,
    1.0,
    1.0,
    0.0,
    1.0,
    1.0,
    1.0,
    1.0,
    1.0,
    1.0,
    1.0,
    1.0,
    1.0,
    1.0,
    1.0
  ]
}