{
  "algo": "custom",
  "model_path": "checkpoints/custom/NoisyGoalReacher-v0__train_custom_ppo__dense__12__1784455377/best/train_custom_ppo.cleanrl_model",
  "env_id": "NoisyGoalReacher-v0",
  "env_kwargs": {
    "goal_radius_min": 0.05,
    "goal_radius_max": 0.18,
    "noise_sigma": 0.005,
    "success_threshold": 0.04,
    "reward_type": "dense",
    "success_bonus": 3.0
  },
  "deterministic": true,
  "base_seed": 3000,
  "episode_seeds": [
    3000,
    3001,
    3002,
    3003,
    3004,
    3005,
    3006,
    3007,
    3008,
    3009,
    3010,
    3011,
    3012,
    3013,
    3014,
    3015,
    3016,
    3017,
    3018,
    3019,
    3020,
    3021,
    3022,
    3023,
    3024,
    3025,
    3026,
    3027,
    3028,
    3029,
    3030,
    3031,
    3032,
    3033,
    3034,
    3035,
    3036,
    3037,
    3038,
    3039,
    3040,
    3041,
    3042,
    3043,
    3044,
    3045,
    3046,
    3047,
    3048,
    3049
  ],
  "n_episodes": 50,
  "mean_return": 54.82697832100094,
  "std_return": 44.72085185694475,
  "mean_length": 50.0,
  "success_rate": 0.78,
  "episode_returns": [
    -7.290022276341915,
    36.05182006582618,
    -9.966198462992907,
    -10.203294925391674,
    -7.7887618243694305,
    99.95051605254412,
    8.88672100380063,
    116.14712217450142,
    29.918072640895844,
    41.49223296716809,
    55.8319878578186,
    -5.5868763364851475,
    101.11279106140137,
    85.74038692936301,
    67.14595875516534,
    117.78083449602127,
    71.69740366190672,
    86.41166354343295,
    -7.735616523772478,
    108.4018441028893,
    95.37837183475494,
    54.93020470812917,
    40.96708004921675,
    96.83829955011606,
    54.46171521022916,
    44.249862272292376,
    49.482278645038605,
    -6.79429491981864,
    77.3403851762414,
    31.068831730633974,
    109.18923258781433,
    87.3205894306302,
    -10.893662415444851,
    -9.225471280515194,
    11.568192820996046,
    78.01861583814025,
    36.99682782962918,
    95.64711751416326,
    87.18527361378074,
    97.30020112171769,
    120.01264364272356,
    66.84514518454671,
    117.73220808804035,
    -14.740960821509361,
    108.04930317401886,
    89.95408516004682,
    89.16464064642787,
    -10.047490131109953,
    -8.598037473857403,
    83.9491422995925
  ],
  "episode_lengths": [
    50,
    50,
    50,
    50,
    50,
    50,
    50,
    50,
    50,
    50,
    50,
    50,
    50,
    50,
    50,
    50,
    50,
    50,
    50,
    50,
    50,
    50,
    50,
    50,
    50,
    50,
    50,
    50,
    50,
    50,
    50,
    50,
    50,
    50,
    50,
    50,
    50,
    50,
    50,
    50,
    50,
    50,
    50,
    50,
    50,
    50,
    50,
    50,
    50,
    50
  ],
  "episode_successes": [
    0.0,
    1.0,
    0.0,
    0.0,
    0.0,
    1.0,
    1.0,
    1.0,
    1.0,
    1.0,
    1.0,
    0.0,
    1.0,
    1.0,
    1.0,
    1.0,
    1.0,
    1.0,
    1.0,
    1.0,
    1.0,
    1.0,
    1.0,
    1.0,
    1.0,
    1.0,
    1.0,
    0.0,
    1.0,
    1.0,
    1.0,
    1.0,
    0.0,
    0.0,
    1.0,
    1.0,
    1.0,
    1.0,
    1.0,
    1.0,
    1.0,
    1.0,
    1.0,
    0.0,
    1.0,
    1.0,
    1.0,
    0.0,
    0.0,
    1.0
  ]
}