{
  "env_id": "Reacher-v5",
  "model_path": "checkpoints/part0/ppo_reacher_seed_0/best/best_model.zip",
  "deterministic": true,
  "base_seed": 20000,
  "episode_seeds": [
    20000,
    20001,
    20002,
    20003,
    20004,
    20005,
    20006,
    20007,
    20008,
    20009,
    20010,
    20011,
    20012,
    20013,
    20014,
    20015,
    20016,
    20017,
    20018,
    20019,
    20020,
    20021,
    20022,
    20023,
    20024,
    20025,
    20026,
    20027,
    20028,
    20029,
    20030,
    20031,
    20032,
    20033,
    20034,
    20035,
    20036,
    20037,
    20038,
    20039,
    20040,
    20041,
    20042,
    20043,
    20044,
    20045,
    20046,
    20047,
    20048,
    20049
  ],
  "n_episodes": 50,
  "mean_return": -6.349915843513694,
  "std_return": 3.013279965425851,
  "min_return": -13.74174308694302,
  "max_return": -1.2989352806623735,
  "mean_episode_length": 50.0,
  "episode_returns": [
    -4.3927536079557825,
    -5.842490347853771,
    -10.89520284240306,
    -10.99280032879954,
    -2.4861826888926215,
    -3.959680340612487,
    -13.367148642972031,
    -6.877316804197372,
    -4.584155726965015,
    -7.708970812241009,
    -11.101100480963096,
    -6.8002246015202665,
    -7.077353784155204,
    -10.297884874786234,
    -5.76375870214138,
    -3.736858084043877,
    -10.616523526322963,
    -3.3809671351686585,
    -4.205318741799145,
    -2.617771926392979,
    -11.46204787739403,
    -5.536101906683876,
    -7.440341422869638,
    -4.025881392603662,
    -1.2989352806623735,
    -6.798518347075673,
    -5.930855521682215,
    -6.394462103597254,
    -4.649745307374028,
    -8.632883909188033,
    -13.74174308694302,
    -1.9167515322086968,
    -5.123332001335293,
    -11.291498479119676,
    -5.139394052915425,
    -5.3721525642873305,
    -4.17221139432007,
    -4.161645257321276,
    -4.326837853462256,
    -8.263658046046931,
    -7.986418918793845,
    -2.3068796134205587,
    -5.43287505262791,
    -8.116992829644818,
    -7.127953486182342,
    -5.392477948065563,
    -5.579879848033771,
    -2.3075988304336583,
    -6.277763006220974,
    -4.583491304983999
  ],
  "episode_lengths": [
    50,
    50,
    50,
    50,
    50,
    50,
    50,
    50,
    50,
    50,
    50,
    50,
    50,
    50,
    50,
    50,
    50,
    50,
    50,
    50,
    50,
    50,
    50,
    50,
    50,
    50,
    50,
    50,
    50,
    50,
    50,
    50,
    50,
    50,
    50,
    50,
    50,
    50,
    50,
    50,
    50,
    50,
    50,
    50,
    50,
    50,
    50,
    50,
    50,
    50
  ]
}